employee_id,department,remote_working,hours_worked_per_day
E0001,HR,No,10.1
E0002,HR,No,8.5
E0003,IT,Yes,9.2
E0004,Marketing,No,10.7
E0005,Marketing,Yes,10.2
E0006,Marketing,Yes,6.8
E0007,Marketing,No,9.1
E0008,Marketing,Yes,7.8
E0009,HR,No,7.9
E0010,IT,Yes,8.5
E0011,Marketing,No,8.2
E0012,IT,Yes,9.7
E0013,IT,No,8.9
E0014,Marketing,No,8.1
E0015,HR,No,8.5
E0016,Marketing,Yes,8.4
E0017,IT,Yes,9.8
E0018,HR,Yes,7.8
E0019,HR,Yes,8.4
E0020,Marketing,Yes,7.0
E0021,IT,Yes,4.9
E0022,Marketing,No,8.8
E0023,Sales,No,9.0
E0024,Marketing,Yes,7.1
E0025,HR,No,10.7
E0026,Marketing,No,6.3
E0027,Sales,No,8.1
E0028,Sales,Yes,7.8
E0029,Marketing,No,9.8
E0030,Marketing,No,9.8
E0031,Sales,Yes,8.2
E0032,IT,No,8.5
E0033,Sales,No,6.9
E0034,Marketing,No,5.6
E0035,Sales,Yes,7.6
E0036,HR,No,8.2
E0037,HR,Yes,9.5
E0038,Sales,No,9.4
E0039,Marketing,Yes,7.5
E0040,Sales,Yes,7.6
E0041,IT,Yes,6.7
E0042,Sales,Yes,6.3
E0043,Sales,Yes,6.0
E0044,Sales,No,10.3
E0045,Sales,Yes,7.4
E0046,IT,No,7.5
E0047,HR,Yes,6.5
E0048,Marketing,Yes,8.9
E0049,Marketing,Yes,6.1
E0050,HR,Yes,7.7
E0051,Marketing,No,6.9
E0052,HR,Yes,8.5
E0053,Marketing,No,7.4
E0054,HR,No,6.6
E0055,Marketing,Yes,8.0
E0056,Marketing,No,8.5
E0057,Marketing,Yes,8.1
E0058,HR,No,8.4
E0059,IT,Yes,7.2
E0060,Sales,No,7.6
E0061,Sales,No,7.2
E0062,Marketing,Yes,7.6
E0063,HR,Yes,7.0
E0064,HR,No,5.9
E0065,Marketing,Yes,8.2
E0066,Sales,Yes,7.5
E0067,Sales,No,6.0
E0068,Sales,No,8.6
E0069,IT,No,6.9
E0070,Marketing,Yes,8.1
E0071,Marketing,No,8.9
E0072,Marketing,No,8.2
E0073,IT,Yes,9.4
E0074,Sales,Yes,6.5
E0075,HR,Yes,8.5
E0076,HR,Yes,7.2
E0077,HR,Yes,7.0
E0078,Marketing,No,7.3
E0079,Sales,Yes,7.6
E0080,Marketing,No,8.1
E0081,Sales,Yes,6.6
E0082,IT,Yes,9.1
E0083,Marketing,Yes,8.6
E0084,Marketing,No,6.2
E0085,Sales,No,9.8
E0086,Marketing,No,10.3
E0087,HR,Yes,9.4
E0088,IT,No,7.8
E0089,Sales,No,6.7
E0090,HR,Yes,9.3
E0091,Marketing,Yes,7.5
E0092,Sales,No,9.5
E0093,HR,Yes,8.2
E0094,Sales,Yes,9.2
E0095,HR,Yes,8.4
E0096,HR,No,8.8
E0097,HR,Yes,8.0
E0098,Marketing,No,10.1
E0099,Sales,No,8.2
E0100,Sales,Yes,8.5
E0101,Sales,Yes,10.3
E0102,HR,Yes,6.4
E0103,IT,No,6.5
E0104,IT,No,9.2
E0105,IT,Yes,6.6
E0106,Marketing,Yes,10.3
E0107,HR,Yes,7.5
E0108,Sales,No,7.1
E0109,Marketing,No,10.3
E0110,Marketing,No,9.8
E0111,IT,Yes,10.2
E0112,IT,No,9.1
E0113,Sales,Yes,7.0
E0114,Marketing,Yes,10.3
E0115,Marketing,Yes,7.7
E0116,HR,No,9.0
E0117,HR,Yes,9.1
E0118,Sales,Yes,7.8
E0119,IT,No,8.7
E0120,IT,Yes,9.1
E0121,IT,Yes,8.5
E0122,IT,No,6.7
E0123,Sales,Yes,8.4
E0124,Sales,No,9.6
E0125,Sales,Yes,7.2
E0126,HR,Yes,7.8
E0127,Sales,Yes,7.5
E0128,Sales,No,10.2
E0129,HR,No,8.8
E0130,HR,No,8.5
E0131,IT,Yes,7.1
E0132,IT,Yes,8.6
E0133,HR,No,7.2
E0134,Marketing,Yes,8.0
E0135,IT,No,7.2
E0136,HR,No,8.8
E0137,Marketing,No,8.7
E0138,IT,No,7.8
E0139,IT,Yes,8.5
E0140,Sales,Yes,6.7
E0141,HR,No,6.2
E0142,IT,Yes,8.5
E0143,Marketing,No,8.2
E0144,Sales,Yes,8.8
E0145,Sales,Yes,10.9
E0146,IT,Yes,9.1
E0147,HR,Yes,6.9
E0148,Sales,No,9.3
E0149,Marketing,Yes,6.4
E0150,Marketing,No,7.4
E0151,Marketing,No,7.9
E0152,Marketing,No,10.1
E0153,HR,Yes,7.1
E0154,Sales,No,13.8
E0155,Marketing,No,7.9
E0156,Marketing,No,7.2
E0157,HR,Yes,9.4
E0158,Marketing,Yes,6.7
E0159,IT,No,6.6
E0160,HR,Yes,7.5
E0161,IT,No,7.4
E0162,HR,No,10.3
E0163,Sales,Yes,9.1
E0164,HR,Yes,8.1
E0165,Marketing,No,6.5
E0166,Sales,Yes,9.0
E0167,IT,No,6.8
E0168,IT,No,6.1
E0169,Sales,No,9.4
E0170,HR,Yes,8.4
E0171,IT,Yes,9.1
E0172,Marketing,No,8.4
E0173,IT,No,9.0
E0174,Marketing,No,7.2
E0175,IT,No,6.8
E0176,IT,No,8.8
E0177,Sales,No,7.0
E0178,IT,Yes,7.2
E0179,HR,Yes,7.5
E0180,Sales,No,8.0
E0181,Marketing,No,7.6
E0182,Sales,No,6.4
E0183,IT,No,7.2
E0184,Marketing,Yes,5.3
E0185,Sales,No,8.8
E0186,Sales,Yes,6.1
E0187,Sales,No,6.7
E0188,Sales,Yes,8.1
E0189,IT,No,7.1
E0190,Marketing,No,9.9
E0191,Sales,No,6.4
E0192,HR,No,8.3
E0193,Sales,No,8.0
E0194,Sales,No,6.6
E0195,IT,Yes,8.6
E0196,IT,No,7.8
E0197,HR,No,8.9
E0198,HR,No,9.0
E0199,Sales,Yes,10.6
E0200,Sales,No,9.6
E0201,Marketing,Yes,7.6
E0202,HR,No,7.7
E0203,Marketing,Yes,9.3
E0204,IT,Yes,8.8
E0205,Sales,Yes,8.8
E0206,IT,No,6.1
E0207,HR,Yes,8.0
E0208,Sales,Yes,7.1
E0209,HR,Yes,8.3
E0210,HR,Yes,7.9
E0211,Marketing,Yes,9.1
E0212,HR,No,8.4
E0213,Marketing,Yes,8.9
E0214,IT,No,7.4
E0215,IT,No,6.9
E0216,HR,No,7.5
E0217,IT,No,8.0
E0218,Marketing,Yes,8.5
E0219,Sales,No,10.7
E0220,Sales,No,7.9
E0221,IT,Yes,14.6
E0222,Sales,Yes,7.6
E0223,Sales,No,7.4
E0224,HR,Yes,8.6
E0225,IT,No,6.2
E0226,Marketing,No,8.1
E0227,HR,Yes,8.2
E0228,IT,Yes,8.3
E0229,IT,Yes,7.3
E0230,IT,Yes,7.7
E0231,Sales,No,6.3
E0232,HR,No,7.4
E0233,IT,Yes,7.3
E0234,HR,Yes,8.5
E0235,IT,No,6.6
E0236,Marketing,No,8.9
E0237,Marketing,No,9.8
E0238,IT,Yes,5.5
E0239,HR,Yes,8.5
E0240,Marketing,Yes,8.8
E0241,IT,Yes,7.2
E0242,Marketing,No,7.5
E0243,IT,Yes,7.8
E0244,HR,No,7.6
E0245,Marketing,No,7.6
E0246,Sales,Yes,6.0
E0247,Marketing,Yes,9.4
E0248,Marketing,Yes,9.3
E0249,IT,No,7.0
E0250,HR,Yes,6.2
E0251,Marketing,No,8.6
E0252,HR,No,1.6
E0253,Marketing,Yes,8.2
E0254,Sales,Yes,7.6
E0255,IT,Yes,8.8
E0256,Sales,No,8.8
E0257,HR,Yes,7.1
E0258,IT,No,6.3
E0259,IT,Yes,6.1
E0260,IT,No,8.7
E0261,Marketing,No,6.6
E0262,IT,No,7.4
E0263,Sales,Yes,7.3
E0264,Marketing,Yes,7.9
E0265,IT,No,5.7
E0266,IT,No,8.2
E0267,HR,No,8.6
E0268,Marketing,No,8.1
E0269,HR,No,7.6
E0270,HR,No,8.1
E0271,Sales,No,8.5
E0272,Sales,No,4.7
E0273,Marketing,No,10.3
E0274,Marketing,Yes,8.5
E0275,Marketing,Yes,7.2
E0276,Marketing,Yes,7.5
E0277,HR,Yes,8.6
E0278,Marketing,No,7.9
E0279,HR,Yes,5.6
E0280,IT,Yes,10.5
E0281,Sales,Yes,7.9
E0282,Marketing,Yes,9.2
E0283,IT,No,7.2
E0284,HR,Yes,9.8
E0285,Marketing,No,8.3
E0286,HR,No,8.7
E0287,Sales,Yes,6.7
E0288,HR,No,9.5
E0289,Sales,No,15.7
E0290,Sales,No,9.6
E0291,Sales,Yes,7.2
E0292,IT,No,7.4
E0293,Sales,Yes,10.8
E0294,Marketing,No,6.7
E0295,HR,Yes,7.8
E0296,Sales,Yes,9.4
E0297,IT,Yes,8.1
E0298,Sales,Yes,8.7
E0299,Marketing,Yes,7.5
E0300,IT,No,8.4
E0301,HR,Yes,6.4
E0302,IT,No,10.0
E0303,Marketing,Yes,7.9
E0304,Sales,Yes,7.2
E0305,Sales,No,8.8
E0306,Sales,Yes,7.4
E0307,Sales,No,6.4
E0308,HR,No,6.4
E0309,Sales,Yes,8.8
E0310,Sales,Yes,7.8
E0311,HR,No,7.8
E0312,Sales,No,9.3
E0313,IT,Yes,6.6
E0314,Sales,No,7.1
E0315,Sales,No,7.5
E0316,Sales,Yes,8.1
E0317,Marketing,Yes,7.9
E0318,HR,No,7.7
E0319,HR,Yes,7.9
E0320,Sales,No,7.9
E0321,IT,Yes,7.1
E0322,HR,No,7.0
E0323,HR,No,8.3
E0324,Sales,No,6.9
E0325,IT,Yes,6.6
E0326,Marketing,Yes,7.6
E0327,Marketing,No,7.8
E0328,IT,Yes,10.7
E0329,IT,Yes,7.2
E0330,Marketing,Yes,9.1
E0331,IT,No,8.9
E0332,HR,No,6.6
E0333,Sales,No,8.9
E0334,HR,No,6.6
E0335,Marketing,Yes,4.8
E0336,Marketing,Yes,8.7
E0337,HR,No,5.9
E0338,IT,No,8.5
E0339,Sales,No,7.2
E0340,Sales,Yes,10.0
E0341,Marketing,Yes,9.3
E0342,IT,No,7.5
E0343,Sales,No,7.2
E0344,Sales,No,6.5
E0345,IT,Yes,7.5
E0346,IT,Yes,7.7
E0347,HR,Yes,7.6
E0348,Marketing,Yes,8.2
E0349,Sales,No,8.7
E0350,HR,Yes,8.4
E0351,Marketing,No,7.1
E0352,Marketing,No,6.3
E0353,IT,No,9.6
E0354,HR,Yes,7.2
E0355,Sales,No,7.2
E0356,IT,Yes,7.4
E0357,HR,No,5.8
E0358,IT,No,7.4
E0359,Marketing,No,7.4
E0360,Sales,Yes,8.7
E0361,HR,Yes,8.8
E0362,HR,Yes,8.0
E0363,IT,No,9.1
E0364,HR,Yes,8.4
E0365,Marketing,No,8.0
E0366,Sales,Yes,8.2
E0367,IT,No,7.8
E0368,Sales,No,7.5
E0369,Marketing,Yes,7.7
E0370,HR,Yes,6.6
E0371,HR,No,8.3
E0372,Marketing,No,6.8
E0373,IT,Yes,9.0
E0374,Marketing,No,7.7
E0375,Marketing,Yes,8.1
E0376,Marketing,No,8.6
E0377,Sales,Yes,8.8
E0378,IT,No,6.1
E0379,IT,Yes,7.8
E0380,Marketing,No,9.1
E0381,Marketing,Yes,6.0
E0382,Sales,Yes,8.5
E0383,IT,Yes,5.3
E0384,Sales,No,6.8
E0385,IT,Yes,8.0
E0386,IT,Yes,6.0
E0387,Sales,Yes,6.8
E0388,Sales,No,6.2
E0389,HR,Yes,10.0
E0390,Marketing,Yes,8.2
E0391,HR,Yes,8.7
E0392,HR,Yes,7.7
E0393,HR,No,7.6
E0394,IT,Yes,6.1
E0395,Marketing,Yes,7.6
E0396,IT,No,7.1
E0397,Marketing,Yes,9.0
E0398,Marketing,Yes,9.4
E0399,IT,Yes,9.8
E0400,Marketing,No,9.0
E0401,Sales,No,7.3
E0402,HR,No,6.7
E0403,Sales,No,8.9
E0404,Marketing,Yes,8.4
E0405,IT,No,5.9
E0406,IT,Yes,8.4
E0407,IT,Yes,9.0
E0408,Marketing,Yes,8.1
E0409,Sales,No,7.8
E0410,Marketing,Yes,7.0
E0411,HR,No,6.3
E0412,HR,Yes,9.0
E0413,HR,Yes,7.6
E0414,HR,Yes,7.7
E0415,Sales,No,10.1
E0416,Marketing,Yes,8.8
E0417,Marketing,Yes,8.4
E0418,IT,No,8.2
E0419,Sales,Yes,9.8
E0420,Marketing,Yes,10.1
E0421,Sales,Yes,9.1
E0422,Marketing,No,8.7
E0423,Sales,Yes,5.5
E0424,Marketing,Yes,8.1
E0425,Sales,Yes,7.8
E0426,IT,No,8.1
E0427,HR,Yes,9.1
E0428,Sales,No,4.7
E0429,Marketing,Yes,7.3
E0430,HR,Yes,8.3
E0431,Sales,Yes,7.4
E0432,Marketing,No,6.3
E0433,IT,No,9.0
E0434,IT,Yes,8.3
E0435,Marketing,No,6.8
E0436,Sales,Yes,8.4
E0437,HR,No,9.0
E0438,HR,No,8.0
E0439,Marketing,Yes,9.0
E0440,Sales,Yes,8.1
E0441,HR,No,7.5
E0442,Sales,Yes,6.6
E0443,HR,Yes,7.9
E0444,HR,No,8.2
E0445,IT,Yes,9.1
E0446,Marketing,Yes,7.9
E0447,Sales,Yes,8.5
E0448,HR,No,6.8
E0449,Sales,Yes,7.1
E0450,Sales,No,7.9
E0451,Marketing,Yes,6.7
E0452,HR,No,9.0
E0453,Marketing,No,8.6
E0454,Sales,Yes,8.3
E0455,Sales,No,8.4
E0456,Sales,Yes,10.4
E0457,IT,Yes,7.4
E0458,IT,Yes,5.4
E0459,Sales,No,8.2
E0460,Sales,No,7.9
E0461,HR,Yes,7.4
E0462,IT,Yes,6.8
E0463,Sales,Yes,7.5
E0464,Marketing,Yes,8.2
E0465,Marketing,No,7.4
E0466,IT,Yes,10.9
E0467,Sales,No,6.8
E0468,Marketing,Yes,7.0
E0469,Sales,Yes,5.3
E0470,HR,Yes,8.3
E0471,HR,No,5.6
E0472,IT,Yes,7.4
E0473,Sales,Yes,7.7
E0474,HR,No,7.1
E0475,Sales,No,10.1
E0476,Sales,Yes,9.2
E0477,Marketing,No,9.6
E0478,Marketing,Yes,6.9
E0479,IT,No,9.4
E0480,Sales,Yes,8.6
E0481,HR,Yes,8.9
E0482,HR,Yes,9.2
E0483,Sales,No,6.9
E0484,IT,Yes,7.5
E0485,HR,No,9.0
E0486,Marketing,Yes,4.8
E0487,Marketing,Yes,9.8
E0488,Marketing,Yes,8.7
E0489,Sales,No,7.9
E0490,Marketing,Yes,8.3
E0491,IT,No,6.8
E0492,Marketing,No,7.6
E0493,Sales,No,9.3
E0494,Sales,No,9.6
E0495,Sales,No,11.2
E0496,Sales,Yes,7.9
E0497,Marketing,Yes,1.2
E0498,HR,No,7.4
E0499,Marketing,Yes,6.8
E0500,IT,Yes,7.9
E0501,Sales,No,8.5
E0502,Marketing,No,8.0
E0503,Marketing,No,9.3
E0504,Sales,No,7.7
E0505,Marketing,No,7.6
E0506,Marketing,No,7.3
E0507,Sales,No,6.0
E0508,IT,No,6.1
E0509,HR,Yes,6.6
E0510,IT,Yes,9.6
E0511,IT,Yes,9.1
E0512,IT,No,9.6
E0513,HR,Yes,6.4
E0514,IT,Yes,5.6
E0515,Marketing,No,7.2
E0516,HR,Yes,8.2
E0517,Marketing,No,8.6
E0518,Marketing,No,9.3
E0519,IT,No,8.3
E0520,Marketing,Yes,10.1
E0521,IT,Yes,7.7
E0522,Marketing,No,6.9
E0523,Marketing,No,6.0
E0524,Sales,Yes,6.9
E0525,Marketing,Yes,8.3
E0526,IT,No,6.9
E0527,Sales,Yes,9.1
E0528,Sales,Yes,9.7
E0529,HR,No,5.2
E0530,HR,No,9.0
E0531,Marketing,Yes,5.3
E0532,IT,Yes,8.5
E0533,Sales,No,9.5
E0534,Marketing,No,8.1
E0535,HR,Yes,6.5
E0536,Marketing,Yes,7.3
E0537,Sales,Yes,7.7
E0538,HR,No,7.8
E0539,IT,Yes,7.8
E0540,Marketing,No,7.9
E0541,Marketing,Yes,8.3
E0542,Marketing,No,6.5
E0543,IT,Yes,7.7
E0544,IT,Yes,9.8
E0545,Marketing,No,7.5
E0546,Marketing,No,7.5
E0547,IT,Yes,9.3
E0548,Marketing,No,4.9
E0549,Marketing,No,9.4
E0550,IT,Yes,7.2
E0551,Sales,Yes,8.2
E0552,Sales,No,8.1
E0553,Marketing,Yes,9.1
E0554,IT,Yes,7.7
E0555,Marketing,Yes,7.2
E0556,HR,Yes,9.6
E0557,Marketing,Yes,5.2
E0558,Marketing,No,8.0
E0559,Sales,No,6.4
E0560,HR,Yes,7.1
E0561,HR,Yes,10.4
E0562,Sales,Yes,7.9
E0563,Marketing,Yes,8.2
E0564,IT,No,5.9
E0565,Sales,No,7.1
E0566,IT,No,8.2
E0567,IT,Yes,8.4
E0568,HR,No,8.7
E0569,HR,Yes,8.0
E0570,IT,Yes,8.6
E0571,Marketing,No,8.5
E0572,HR,No,5.8
E0573,Sales,Yes,8.0
E0574,IT,No,8.9
E0575,Marketing,No,8.7
E0576,Marketing,Yes,7.6
E0577,Marketing,No,7.0
E0578,IT,Yes,6.7
E0579,IT,No,7.8
E0580,HR,Yes,9.4
E0581,Marketing,Yes,5.7
E0582,HR,Yes,7.2
E0583,Sales,No,6.6
E0584,Marketing,Yes,8.9
E0585,HR,No,7.3
E0586,IT,Yes,7.4
E0587,HR,No,7.7
E0588,HR,Yes,8.5
E0589,HR,No,7.5
E0590,Sales,No,4.3
E0591,Sales,Yes,8.7
E0592,Sales,Yes,8.5
E0593,Marketing,No,7.7
E0594,Sales,Yes,6.7
E0595,Sales,No,8.4
E0596,IT,No,8.5
E0597,Marketing,Yes,7.4
E0598,Sales,No,7.7
E0599,HR,No,6.9
E0600,HR,No,7.8
E0601,Sales,Yes,6.1
E0602,IT,Yes,8.5
E0603,IT,Yes,6.9
E0604,HR,Yes,8.3
E0605,Sales,Yes,6.3
E0606,Sales,Yes,7.3
E0607,Sales,Yes,7.9
E0608,Sales,No,6.0
E0609,HR,No,8.1
E0610,Marketing,No,7.5
E0611,HR,Yes,5.9
E0612,HR,Yes,6.4
E0613,Sales,No,8.7
E0614,Marketing,Yes,9.1
E0615,HR,No,7.8
E0616,HR,No,8.5
E0617,Marketing,Yes,8.3
E0618,Sales,No,8.4
E0619,Sales,Yes,9.5
E0620,IT,Yes,6.2
E0621,Marketing,No,8.8
E0622,HR,No,7.5
E0623,Marketing,No,7.7
E0624,Sales,No,7.6
E0625,Sales,No,7.5
E0626,HR,No,6.5
E0627,HR,Yes,8.2
E0628,Sales,No,10.0
E0629,Sales,No,7.9
E0630,IT,Yes,8.0
E0631,Sales,No,2.4
E0632,IT,No,7.9
E0633,Sales,Yes,8.6
E0634,HR,No,7.6
E0635,Sales,No,7.5
E0636,Marketing,No,8.5
E0637,Sales,No,6.9
E0638,HR,Yes,8.3
E0639,Marketing,Yes,9.0
E0640,HR,Yes,9.6
E0641,Marketing,Yes,7.9
E0642,Sales,No,9.6
E0643,HR,Yes,9.2
E0644,HR,Yes,6.8
E0645,IT,No,6.5
E0646,Marketing,No,7.6
E0647,Sales,No,9.2
E0648,HR,Yes,7.9
E0649,IT,Yes,7.3
E0650,HR,No,9.9
E0651,HR,No,8.3
E0652,Marketing,No,5.2
E0653,Marketing,No,8.4
E0654,Marketing,No,8.6
E0655,Marketing,No,8.3
E0656,IT,Yes,8.5
E0657,IT,No,7.9
E0658,Sales,Yes,6.4
E0659,Marketing,Yes,7.6
E0660,Marketing,No,6.9
E0661,Marketing,Yes,6.9
E0662,Marketing,Yes,6.5
E0663,Marketing,No,8.5
E0664,Marketing,Yes,8.1
E0665,IT,No,7.5
E0666,Marketing,No,7.2
E0667,HR,Yes,8.0
E0668,HR,No,9.3
E0669,IT,Yes,5.6
E0670,HR,No,8.5
E0671,Sales,Yes,7.3
E0672,IT,Yes,5.7
E0673,Sales,Yes,5.7
E0674,HR,No,6.9
E0675,Sales,Yes,8.3
E0676,HR,No,8.5
E0677,IT,No,6.9
E0678,IT,No,9.2
E0679,Marketing,Yes,9.7
E0680,HR,No,8.5
E0681,Marketing,Yes,7.3
E0682,Sales,Yes,9.3
E0683,HR,No,8.9
E0684,HR,Yes,9.0
E0685,Sales,No,7.2
E0686,HR,No,4.6
E0687,IT,Yes,10.5
E0688,Sales,No,6.1
E0689,Marketing,No,8.0
E0690,IT,Yes,10.9
E0691,HR,Yes,8.4
E0692,Marketing,Yes,9.1
E0693,IT,No,6.2
E0694,HR,Yes,5.9
E0695,HR,Yes,7.4
E0696,HR,Yes,9.3
E0697,Sales,No,7.6
E0698,Sales,No,7.0
E0699,HR,Yes,8.2
E0700,HR,No,9.3
E0701,Marketing,Yes,6.3
E0702,HR,No,6.5
E0703,Sales,No,7.1
E0704,HR,Yes,9.3
E0705,HR,Yes,8.3
E0706,IT,Yes,10.6
E0707,Marketing,Yes,9.1
E0708,HR,No,8.0
E0709,Marketing,Yes,9.5
E0710,Sales,No,8.3
E0711,Sales,Yes,7.2
E0712,IT,No,8.8
E0713,HR,No,17.9
E0714,Sales,No,7.7
E0715,HR,No,9.6
E0716,Marketing,No,7.9
E0717,IT,Yes,7.0
E0718,HR,Yes,7.4
E0719,Marketing,No,9.2
E0720,Marketing,No,7.3
E0721,Marketing,No,7.5
E0722,HR,Yes,7.4
E0723,Sales,Yes,8.2
E0724,HR,Yes,7.5
E0725,HR,No,6.1
E0726,HR,Yes,6.9
E0727,IT,No,6.9
E0728,IT,Yes,9.5
E0729,Sales,Yes,9.0
E0730,Sales,Yes,8.7
E0731,Sales,No,7.4
E0732,Sales,Yes,7.0
E0733,Marketing,No,7.4
E0734,Marketing,Yes,6.7
E0735,Sales,Yes,11.0
E0736,Marketing,Yes,5.3
E0737,HR,Yes,8.7
E0738,Marketing,No,6.5
E0739,HR,No,7.9
E0740,Sales,No,6.8
E0741,Marketing,Yes,6.6
E0742,Sales,Yes,6.6
E0743,IT,No,10.1
E0744,HR,No,7.8
E0745,IT,No,7.1
E0746,HR,Yes,8.7
E0747,Sales,No,8.0
E0748,Marketing,No,8.9
E0749,HR,Yes,5.8
E0750,Sales,Yes,8.4
E0751,HR,No,8.9
E0752,IT,No,6.0
E0753,HR,No,8.5
E0754,IT,No,10.0
E0755,Sales,Yes,8.0
E0756,Sales,No,9.0
E0757,Sales,No,8.8
E0758,Marketing,Yes,14.1
E0759,Sales,No,8.0
E0760,Sales,Yes,6.1
E0761,HR,Yes,7.5
E0762,Marketing,No,8.3
E0763,HR,Yes,8.9
E0764,Marketing,No,8.0
E0765,HR,Yes,8.9
E0766,IT,No,6.7
E0767,IT,Yes,7.9
E0768,Sales,No,8.0
E0769,IT,No,10.2
E0770,IT,Yes,7.7
E0771,Marketing,Yes,7.4
E0772,HR,No,8.0
E0773,Marketing,No,6.9
E0774,Marketing,Yes,8.2
E0775,IT,Yes,7.6
E0776,Marketing,No,5.9
E0777,HR,No,7.9
E0778,IT,No,7.6
E0779,Marketing,No,6.0
E0780,IT,No,7.9
E0781,Marketing,Yes,9.8
E0782,IT,Yes,8.6
E0783,IT,No,8.7
E0784,HR,No,6.4
E0785,HR,Yes,8.6
E0786,Marketing,No,8.2
E0787,Marketing,No,8.6
E0788,Marketing,Yes,8.5
E0789,Sales,No,6.4
E0790,Sales,Yes,8.0
E0791,HR,Yes,7.1
E0792,HR,Yes,7.9
E0793,Marketing,Yes,6.9
E0794,Marketing,No,9.6
E0795,Sales,No,7.0
E0796,HR,No,6.9
E0797,Marketing,No,8.1
E0798,Marketing,No,6.7
E0799,HR,No,7.5
E0800,HR,No,7.0
E0801,Sales,Yes,9.7
E0802,IT,No,8.9
E0803,Sales,No,7.9
E0804,HR,No,7.5
E0805,HR,No,9.1
E0806,Marketing,Yes,8.5
E0807,Marketing,Yes,14.6
E0808,HR,No,8.0
E0809,IT,Yes,6.0
E0810,Marketing,No,7.9
E0811,Marketing,No,7.4
E0812,Sales,No,8.8
E0813,Sales,Yes,9.2
E0814,Marketing,No,7.2
E0815,Marketing,Yes,8.6
E0816,Marketing,Yes,10.1
E0817,Marketing,No,7.2
E0818,HR,Yes,10.0
E0819,IT,No,7.0
E0820,Sales,Yes,8.0
E0821,Sales,Yes,8.0
E0822,Marketing,Yes,8.0
E0823,Marketing,No,7.0
E0824,HR,Yes,7.3
E0825,Marketing,No,7.2
E0826,Sales,No,8.4
E0827,Marketing,Yes,8.4
E0828,HR,No,10.7
E0829,Marketing,No,9.6
E0830,IT,No,7.4
E0831,HR,No,8.4
E0832,Sales,Yes,9.2
E0833,IT,Yes,8.0
E0834,HR,Yes,7.9
E0835,Marketing,Yes,8.1
E0836,IT,Yes,9.0
E0837,IT,Yes,7.0
E0838,Sales,No,7.6
E0839,IT,No,8.6
E0840,Marketing,No,8.4
E0841,HR,No,8.3
E0842,Marketing,No,7.6
E0843,HR,No,9.2
E0844,Marketing,No,10.6
E0845,Marketing,Yes,8.5
E0846,Sales,Yes,7.8
E0847,Marketing,Yes,8.9
E0848,Sales,Yes,7.4
E0849,HR,No,7.1
E0850,HR,Yes,8.0
E0851,Sales,No,4.9
E0852,Sales,No,6.6
E0853,Marketing,No,7.6
E0854,HR,No,6.4
E0855,Sales,No,6.8
E0856,HR,Yes,7.5
E0857,IT,Yes,6.0
E0858,IT,No,7.5
E0859,HR,No,7.4
E0860,Marketing,Yes,8.0
E0861,IT,No,9.4
E0862,IT,No,8.2
E0863,IT,No,8.0
E0864,IT,No,8.1
E0865,Sales,No,8.3
E0866,IT,Yes,6.8
E0867,HR,No,7.9
E0868,Marketing,Yes,8.4
E0869,Marketing,No,6.4
E0870,IT,Yes,9.0
E0871,IT,Yes,9.3
E0872,IT,No,7.2
E0873,HR,No,7.7
E0874,IT,No,6.9
E0875,IT,No,8.8
E0876,Sales,No,6.7
E0877,Marketing,No,7.7
E0878,Marketing,Yes,7.0
E0879,Sales,No,8.1
E0880,HR,Yes,5.8
E0881,HR,No,9.6
E0882,Sales,No,2.6
E0883,HR,Yes,8.1
E0884,Sales,No,7.7
E0885,Marketing,Yes,7.1
E0886,HR,No,6.9
E0887,HR,No,9.1
E0888,Marketing,Yes,7.4
E0889,IT,Yes,8.3
E0890,HR,Yes,7.0
E0891,Sales,No,7.2
E0892,Marketing,No,8.6
E0893,Marketing,Yes,9.1
E0894,IT,Yes,7.8
E0895,HR,Yes,6.3
E0896,IT,No,10.4
E0897,Marketing,Yes,7.0
E0898,Sales,Yes,6.2
E0899,HR,No,11.1
E0900,HR,Yes,7.5
E0901,IT,Yes,6.2
E0902,Marketing,No,7.2
E0903,IT,Yes,8.4
E0904,Sales,No,8.2
E0905,Marketing,Yes,7.0
E0906,HR,No,10.2
E0907,Sales,Yes,7.4
E0908,IT,No,6.6
E0909,Sales,Yes,9.2
E0910,Sales,No,9.6
E0911,IT,Yes,7.0
E0912,Sales,No,6.3
E0913,Marketing,Yes,9.2
E0914,HR,No,5.5
E0915,IT,No,6.5
E0916,Sales,Yes,9.2
E0917,Sales,Yes,7.9
E0918,IT,Yes,3.0
E0919,Sales,No,8.4
E0920,Marketing,Yes,7.8
E0921,HR,Yes,6.4
E0922,IT,No,9.5
E0923,HR,No,9.6
E0924,Marketing,Yes,8.2
E0925,Marketing,No,8.1
E0926,HR,Yes,10.8
E0927,Marketing,Yes,7.7
E0928,IT,No,7.7
E0929,IT,No,1.6
E0930,Marketing,No,9.8
E0931,IT,Yes,9.9
E0932,Marketing,Yes,7.7
E0933,Marketing,No,8.4
E0934,Sales,No,6.3
E0935,HR,No,7.6
E0936,HR,No,7.0
E0937,Marketing,No,6.8
E0938,IT,No,10.0
E0939,Marketing,Yes,7.0
E0940,Marketing,No,7.4
E0941,Sales,No,8.4
E0942,HR,No,9.6
E0943,Marketing,Yes,8.6
E0944,Marketing,No,11.3
E0945,Sales,No,7.9
E0946,Sales,Yes,8.3
E0947,HR,No,8.3
E0948,IT,No,9.7
E0949,HR,No,8.6
E0950,Marketing,Yes,7.9
E0951,Marketing,No,6.9
E0952,Sales,No,8.3
E0953,IT,No,9.7
E0954,Marketing,Yes,7.5
E0955,HR,Yes,8.6
E0956,HR,No,8.3
E0957,Marketing,No,9.0
E0958,Sales,No,7.0
E0959,Sales,No,10.8
E0960,Sales,Yes,6.5
E0961,Marketing,No,7.6
E0962,Marketing,Yes,9.1
E0963,IT,No,8.4
E0964,Sales,No,9.0
E0965,Sales,No,7.4
E0966,HR,No,7.9
E0967,Sales,Yes,8.0
E0968,Marketing,No,9.9
E0969,IT,Yes,8.8
E0970,IT,No,9.0
E0971,Sales,No,7.2
E0972,Marketing,Yes,9.2
E0973,Sales,Yes,8.3
E0974,Sales,No,9.7
E0975,IT,No,10.4
E0976,IT,Yes,7.6
E0977,Marketing,Yes,7.5
E0978,HR,Yes,7.0
E0979,HR,Yes,7.8
E0980,Sales,No,7.5
E0981,Sales,Yes,8.4
E0982,Marketing,Yes,7.8
E0983,Sales,No,3.3
E0984,Marketing,No,9.3
E0985,HR,No,6.9
E0986,Marketing,Yes,8.5
E0987,Marketing,No,7.5
E0988,IT,Yes,8.9
E0989,Sales,No,9.7
E0990,HR,Yes,7.6
E0991,IT,Yes,8.5
E0992,HR,No,8.2
E0993,IT,Yes,7.0
E0994,Marketing,Yes,8.3
E0995,Marketing,No,8.3
E0996,Sales,No,8.5
E0997,HR,No,7.8
E0998,Marketing,Yes,8.1
E0999,HR,No,6.6
E1000,Sales,Yes,7.6
E1001,Sales,No,8.7
E1002,Sales,No,9.1
E1003,Sales,Yes,7.5
E1004,Sales,Yes,8.1
E1005,HR,Yes,8.3
E1006,Marketing,No,8.2
E1007,IT,No,8.6
E1008,Sales,No,5.8
E1009,IT,Yes,16.8
E1010,Sales,No,8.3
E1011,IT,No,6.8
E1012,IT,Yes,10.0
E1013,Sales,No,8.2
E1014,Marketing,Yes,9.9
E1015,HR,No,7.1
E1016,Marketing,No,6.9
E1017,Marketing,Yes,8.3
E1018,HR,No,6.0
E1019,Marketing,No,8.3
E1020,HR,Yes,8.1
E1021,IT,No,9.2
E1022,Sales,Yes,8.8
E1023,Sales,Yes,7.5
E1024,HR,No,6.7
E1025,Marketing,No,10.1
E1026,HR,Yes,7.0
E1027,Sales,No,6.7
E1028,Sales,No,6.7
E1029,Sales,Yes,9.3
E1030,IT,No,7.4
E1031,Sales,No,7.1
E1032,HR,Yes,8.2
E1033,Sales,Yes,7.8
E1034,Marketing,Yes,7.2
E1035,IT,Yes,8.9
E1036,HR,Yes,9.3
E1037,IT,No,9.2
E1038,Sales,Yes,8.9
E1039,HR,Yes,8.5
E1040,HR,No,5.9
E1041,Sales,Yes,10.0
E1042,IT,No,8.4
E1043,Sales,No,8.7
E1044,Sales,Yes,9.3
E1045,Marketing,No,9.7
E1046,IT,No,8.5
E1047,Marketing,Yes,8.5
E1048,Marketing,Yes,7.3
E1049,Marketing,Yes,8.0
E1050,IT,No,7.0
E1051,HR,Yes,7.1
E1052,Sales,No,6.9
E1053,Marketing,Yes,7.8
E1054,Sales,Yes,9.3
E1055,Marketing,Yes,11.8
E1056,Sales,Yes,8.2
E1057,Marketing,No,6.4
E1058,Sales,Yes,9.5
E1059,HR,Yes,7.6
E1060,Sales,No,7.2
E1061,HR,No,8.3
E1062,Marketing,No,6.5
E1063,HR,No,8.3
E1064,Sales,Yes,7.9
E1065,HR,Yes,8.1
E1066,Marketing,No,8.5
E1067,Marketing,Yes,8.1
E1068,IT,No,8.0
E1069,Marketing,Yes,8.3
E1070,Sales,No,8.5
E1071,Sales,No,6.8
E1072,IT,Yes,6.3
E1073,IT,Yes,7.9
E1074,Marketing,Yes,6.3
E1075,Sales,No,8.1
E1076,IT,Yes,9.1
E1077,Sales,Yes,8.7
E1078,IT,No,6.7
E1079,Sales,No,7.0
E1080,Sales,Yes,8.4
E1081,IT,Yes,7.5
E1082,Sales,Yes,7.6
E1083,Marketing,Yes,8.7
E1084,Marketing,Yes,6.8
E1085,Sales,Yes,7.5
E1086,Marketing,No,7.0
E1087,HR,Yes,6.7
E1088,Sales,No,7.0
E1089,HR,No,8.8
E1090,HR,Yes,8.1
E1091,Marketing,No,6.9
E1092,HR,Yes,7.7
E1093,IT,No,6.0
E1094,Sales,No,7.1
E1095,Sales,Yes,10.6
E1096,HR,Yes,7.9
E1097,Marketing,Yes,8.9
E1098,HR,Yes,7.9
E1099,HR,No,8.4
E1100,IT,Yes,8.8
E1101,HR,No,6.7
E1102,HR,Yes,8.0
E1103,Sales,Yes,9.9
E1104,IT,Yes,7.0
E1105,Sales,Yes,7.3
E1106,Marketing,No,7.6
E1107,Marketing,Yes,8.3
E1108,HR,No,8.6
E1109,IT,No,9.5
E1110,HR,No,8.6
E1111,HR,Yes,7.9
E1112,Marketing,No,9.5
E1113,IT,No,8.8
E1114,Marketing,No,6.2
E1115,HR,Yes,11.0
E1116,IT,Yes,10.1
E1117,HR,Yes,7.8
E1118,HR,Yes,8.5
E1119,Marketing,No,9.6
E1120,IT,No,7.8
E1121,Marketing,No,8.9
E1122,IT,Yes,9.3
E1123,HR,Yes,6.8
E1124,HR,Yes,7.3
E1125,Sales,Yes,9.1
E1126,IT,Yes,8.6
E1127,HR,No,9.1
E1128,Marketing,Yes,7.8
E1129,Marketing,Yes,7.7
E1130,Sales,No,5.6
E1131,Marketing,No,6.6
E1132,Sales,Yes,8.1
E1133,IT,Yes,9.0
E1134,Marketing,No,8.6
E1135,Sales,Yes,7.8
E1136,HR,Yes,7.7
E1137,Sales,No,8.3
E1138,Marketing,No,8.1
E1139,Sales,No,9.7
E1140,Sales,No,8.2
E1141,IT,No,6.2
E1142,IT,No,6.5
E1143,IT,Yes,9.8
E1144,Sales,Yes,6.6
E1145,Marketing,No,8.9
E1146,IT,No,7.7
E1147,Marketing,Yes,7.8
E1148,IT,No,7.8
E1149,Sales,Yes,9.5
E1150,IT,No,7.8
E1151,Marketing,No,8.0
E1152,Sales,No,6.2
E1153,HR,Yes,8.2
E1154,HR,No,8.6
E1155,Marketing,Yes,8.3
E1156,Sales,Yes,9.7
E1157,Marketing,No,8.1
E1158,IT,Yes,8.4
E1159,Sales,No,10.0
E1160,Marketing,No,6.1
E1161,Sales,Yes,7.5
E1162,Marketing,No,9.7
E1163,Marketing,No,9.1
E1164,Sales,Yes,8.8
E1165,HR,Yes,9.0
E1166,IT,Yes,8.4
E1167,HR,Yes,10.0
E1168,Sales,No,8.5
E1169,IT,No,8.3
E1170,Marketing,Yes,8.2
E1171,HR,Yes,8.2
E1172,Sales,Yes,6.6
E1173,HR,No,8.9
E1174,Sales,Yes,7.8
E1175,IT,Yes,10.2
E1176,HR,No,7.9
E1177,IT,No,8.5
E1178,Sales,No,8.3
E1179,Sales,No,7.2
E1180,Marketing,Yes,9.2
E1181,Sales,No,10.3
E1182,HR,Yes,8.0
E1183,Sales,Yes,7.6
E1184,Sales,Yes,7.6
E1185,Marketing,Yes,5.7
E1186,IT,Yes,7.8
E1187,Sales,Yes,8.3
E1188,Sales,Yes,9.3
E1189,Marketing,Yes,9.2
E1190,HR,No,7.5
E1191,Sales,No,7.7
E1192,IT,Yes,9.3
E1193,Marketing,Yes,7.8
E1194,HR,Yes,7.4
E1195,Marketing,Yes,9.7
E1196,Sales,Yes,9.2
E1197,Sales,No,8.0
E1198,IT,Yes,7.3
E1199,Marketing,No,5.6
E1200,Marketing,No,8.7
E1201,Marketing,No,6.9
E1202,HR,Yes,5.6
E1203,Marketing,Yes,9.9
E1204,Marketing,Yes,8.8
E1205,HR,No,6.6
E1206,IT,No,6.5
E1207,IT,No,9.0
E1208,IT,Yes,1.1
E1209,Marketing,No,9.6
E1210,HR,Yes,8.7
E1211,HR,Yes,8.6
E1212,IT,No,8.5
E1213,Marketing,No,8.2
E1214,IT,Yes,9.1
E1215,Sales,Yes,7.5
E1216,Sales,No,8.1
E1217,Marketing,No,8.9
E1218,IT,No,8.7
E1219,Sales,Yes,6.6
E1220,HR,Yes,7.4
E1221,Marketing,No,8.3
E1222,Sales,Yes,7.5
E1223,Sales,No,10.1
E1224,HR,Yes,7.5
E1225,Marketing,No,7.8
E1226,Sales,No,8.9
E1227,Sales,No,8.4
E1228,Marketing,No,7.8
E1229,Marketing,Yes,7.1
E1230,Marketing,No,8.4
E1231,HR,Yes,9.2
E1232,Sales,Yes,8.6
E1233,IT,Yes,7.1
E1234,Marketing,No,10.1
E1235,IT,Yes,6.3
E1236,HR,No,6.1
E1237,IT,No,9.2
E1238,Sales,Yes,8.3
E1239,HR,Yes,7.3
E1240,HR,No,6.7
E1241,Marketing,Yes,10.8
E1242,Sales,Yes,8.1
E1243,Marketing,Yes,8.6
E1244,Marketing,Yes,8.4
E1245,IT,No,8.5
E1246,Sales,Yes,8.6
E1247,IT,Yes,8.9
E1248,Sales,Yes,13.6
E1249,IT,No,7.7
E1250,Marketing,Yes,5.9
E1251,Marketing,No,7.1
E1252,Marketing,No,8.3
E1253,Sales,No,9.3
E1254,Marketing,Yes,8.7
E1255,Sales,No,7.6
E1256,IT,No,6.5
E1257,IT,No,4.7
E1258,IT,Yes,9.4
E1259,Marketing,Yes,7.3
E1260,Sales,No,7.5
E1261,Marketing,Yes,8.2
E1262,Marketing,Yes,6.3
E1263,Marketing,Yes,7.6
E1264,Sales,Yes,10.4
E1265,Sales,No,8.6
E1266,Marketing,Yes,8.4
E1267,Marketing,No,6.1
E1268,Sales,Yes,10.7
E1269,Marketing,No,6.3
E1270,Sales,No,10.3
E1271,HR,No,5.5
E1272,HR,No,9.7
E1273,IT,Yes,9.9
E1274,IT,Yes,7.0
E1275,Marketing,No,8.5
E1276,Sales,Yes,8.7
E1277,Sales,Yes,7.0
E1278,Marketing,No,6.3
E1279,Marketing,No,6.4
E1280,Sales,Yes,8.6
E1281,IT,No,7.9
E1282,Marketing,Yes,7.3
E1283,Sales,No,9.2
E1284,IT,No,8.6
E1285,Marketing,No,7.1
E1286,HR,Yes,6.6
E1287,IT,Yes,8.6
E1288,IT,No,7.4
E1289,Marketing,No,8.1
E1290,HR,Yes,9.9
E1291,Sales,Yes,8.6
E1292,Sales,No,7.0
E1293,Sales,Yes,8.2
E1294,IT,Yes,6.9
E1295,HR,Yes,9.9
E1296,IT,Yes,7.3
E1297,IT,Yes,8.2
E1298,Marketing,No,8.4
E1299,Marketing,No,8.2
E1300,HR,Yes,5.6
E1301,HR,Yes,2.6
E1302,Marketing,Yes,7.5
E1303,IT,No,8.4
E1304,Marketing,Yes,7.8
E1305,Marketing,No,6.9
E1306,IT,No,6.4
E1307,IT,No,7.5
E1308,HR,Yes,7.4
E1309,IT,Yes,8.6
E1310,Sales,No,7.6
E1311,HR,No,8.7
E1312,Marketing,Yes,7.3
E1313,HR,Yes,7.7
E1314,Marketing,No,7.6
E1315,IT,Yes,7.1
E1316,HR,No,8.8
E1317,IT,No,7.0
E1318,Sales,No,7.4
E1319,Marketing,Yes,7.9
E1320,IT,No,6.4
E1321,HR,Yes,7.6
E1322,Sales,No,7.1
E1323,Marketing,Yes,7.5
E1324,IT,No,7.9
E1325,HR,Yes,7.0
E1326,Marketing,No,7.7
E1327,Sales,No,9.6
E1328,Marketing,No,8.0
E1329,HR,Yes,9.4
E1330,Sales,Yes,8.4
E1331,IT,Yes,8.9
E1332,Sales,No,7.1
E1333,IT,No,8.1
E1334,Sales,Yes,8.2
E1335,Marketing,Yes,7.3
E1336,IT,Yes,7.0
E1337,HR,No,6.2
E1338,HR,Yes,9.8
E1339,Sales,Yes,6.8
E1340,Marketing,No,9.6
E1341,HR,No,7.4
E1342,Marketing,No,7.0
E1343,HR,Yes,8.7
E1344,HR,No,7.2
E1345,Sales,No,8.7
E1346,Marketing,No,7.6
E1347,HR,Yes,8.6
E1348,IT,Yes,6.8
E1349,Marketing,No,9.0
E1350,Marketing,No,8.6
E1351,HR,No,6.9
E1352,Sales,Yes,11.2
E1353,IT,Yes,8.6
E1354,Sales,Yes,10.7
E1355,HR,No,9.9
E1356,HR,Yes,7.8
E1357,IT,Yes,7.5
E1358,IT,Yes,7.5
E1359,Marketing,No,5.8
E1360,Marketing,Yes,7.2
E1361,Marketing,No,8.3
E1362,HR,No,9.8
E1363,Marketing,Yes,7.1
E1364,HR,No,9.1
E1365,Sales,Yes,6.5
E1366,Sales,Yes,7.3
E1367,HR,No,7.5
E1368,IT,No,8.4
E1369,Marketing,No,8.5
E1370,IT,No,9.2
E1371,Sales,Yes,8.9
E1372,HR,No,8.3
E1373,HR,No,8.5
E1374,HR,No,9.9
E1375,HR,Yes,7.4
E1376,Marketing,No,8.9
E1377,Marketing,No,5.8
E1378,HR,No,8.5
E1379,Marketing,No,7.4
E1380,Sales,No,8.0
E1381,IT,Yes,9.2
E1382,Marketing,No,8.2
E1383,Marketing,No,9.1
E1384,IT,No,9.8
E1385,IT,No,8.5
E1386,HR,No,9.4
E1387,IT,Yes,7.6
E1388,Marketing,Yes,8.0
E1389,Marketing,No,7.4
E1390,HR,No,9.3
E1391,Marketing,Yes,8.5
E1392,IT,No,7.4
E1393,Marketing,No,8.2
E1394,HR,No,9.2
E1395,Sales,Yes,8.0
E1396,Marketing,Yes,6.9
E1397,IT,No,8.2
E1398,HR,No,5.6
E1399,HR,Yes,8.9
E1400,Sales,Yes,7.5
E1401,IT,No,7.4
E1402,Marketing,Yes,9.1
E1403,Sales,Yes,6.4
E1404,Marketing,No,10.3
E1405,IT,No,7.4
E1406,Marketing,No,7.4
E1407,Marketing,Yes,9.2
E1408,HR,Yes,8.9
E1409,IT,No,10.9
E1410,IT,Yes,1.3
E1411,HR,No,7.9
E1412,Marketing,No,6.2
E1413,HR,Yes,7.6
E1414,HR,Yes,7.1
E1415,IT,Yes,7.5
E1416,HR,No,5.9
E1417,HR,Yes,10.0
E1418,Marketing,No,6.3
E1419,Marketing,No,4.6
E1420,Sales,No,6.6
E1421,HR,No,7.3
E1422,HR,No,6.6
E1423,HR,No,9.3
E1424,Marketing,Yes,7.8
E1425,HR,No,8.0
E1426,Marketing,Yes,8.7
E1427,IT,No,8.3
E1428,Sales,Yes,9.2
E1429,Sales,Yes,6.7
E1430,HR,No,7.3
E1431,Sales,No,8.8
E1432,HR,Yes,5.0
E1433,Marketing,Yes,6.3
E1434,Sales,No,8.6
E1435,Sales,Yes,7.4
E1436,HR,No,9.1
E1437,IT,Yes,9.0
E1438,IT,Yes,6.6
E1439,Marketing,No,8.5
E1440,Marketing,Yes,9.4
E1441,Marketing,No,8.2
E1442,IT,Yes,6.8
E1443,Sales,Yes,9.1
E1444,Sales,No,8.8
E1445,HR,Yes,8.7
E1446,HR,Yes,8.9
E1447,Sales,Yes,4.4
E1448,IT,Yes,9.1
E1449,IT,Yes,10.2
E1450,IT,Yes,8.5
E1451,HR,Yes,8.2
E1452,IT,Yes,8.8
E1453,Sales,No,8.4
E1454,HR,Yes,8.8
E1455,HR,No,8.0
E1456,Sales,No,7.1
E1457,IT,Yes,6.8
E1458,HR,Yes,6.8
E1459,IT,Yes,6.4
E1460,Sales,No,6.7
E1461,Marketing,No,10.1
E1462,Marketing,No,8.9
E1463,IT,Yes,7.2
E1464,IT,Yes,7.5
E1465,Marketing,Yes,8.1
E1466,IT,No,7.2
E1467,Marketing,Yes,8.1
E1468,HR,Yes,8.9
E1469,Sales,Yes,8.0
E1470,HR,Yes,8.4
E1471,Sales,No,9.1
E1472,IT,No,7.7
E1473,Marketing,No,8.3
E1474,IT,Yes,7.6
E1475,IT,No,8.0
E1476,HR,Yes,7.6
E1477,Sales,No,7.4
E1478,Marketing,No,8.2
E1479,Marketing,No,8.7
E1480,IT,Yes,8.2
E1481,HR,Yes,8.6
E1482,Sales,Yes,7.1
E1483,Marketing,Yes,6.6
E1484,Marketing,Yes,8.5
E1485,IT,Yes,8.8
E1486,Sales,No,8.1
E1487,Marketing,No,9.6
E1488,Sales,Yes,9.1
E1489,IT,No,11.2
E1490,IT,Yes,7.8
E1491,HR,No,6.8
E1492,HR,Yes,7.1
E1493,Marketing,No,7.3
E1494,Sales,No,8.6
E1495,Marketing,Yes,5.4
E1496,Marketing,No,9.6
E1497,HR,No,7.7
E1498,Sales,Yes,7.7
E1499,IT,No,6.7
E1500,Sales,Yes,7.9
E1501,Sales,Yes,8.0
E1502,HR,Yes,7.9
E1503,Marketing,No,8.4
E1504,IT,Yes,7.3
E1505,HR,Yes,6.9
E1506,HR,Yes,8.7
E1507,IT,No,8.1
E1508,Marketing,No,8.2
E1509,Marketing,No,9.3
E1510,IT,No,6.8
E1511,Marketing,Yes,7.0
E1512,HR,Yes,9.5
E1513,HR,Yes,6.2
E1514,Sales,Yes,6.4
E1515,HR,No,9.0
E1516,Sales,No,8.3
E1517,Marketing,No,8.1
E1518,Sales,No,7.9
E1519,Marketing,Yes,8.0
E1520,IT,No,7.9
E1521,Marketing,No,9.6
E1522,IT,Yes,7.5
E1523,Marketing,Yes,7.8
E1524,Marketing,Yes,10.2
E1525,Sales,No,8.0
E1526,Sales,Yes,10.7
E1527,Sales,Yes,7.9
E1528,HR,Yes,9.6
E1529,Sales,No,6.0
E1530,Marketing,Yes,8.2
E1531,HR,No,6.1
E1532,HR,Yes,9.0
E1533,Sales,Yes,6.5
E1534,HR,No,8.3
E1535,Marketing,Yes,7.7
E1536,Marketing,Yes,6.6
E1537,IT,Yes,6.1
E1538,Marketing,No,7.4
E1539,Sales,No,10.1
E1540,IT,No,7.6
E1541,HR,No,9.1
E1542,IT,No,7.9
E1543,IT,No,9.1
E1544,Marketing,Yes,5.8
E1545,Sales,No,7.5
E1546,IT,No,9.1
E1547,Marketing,Yes,7.8
E1548,Marketing,No,7.9
E1549,IT,No,7.5
E1550,Sales,Yes,9.4
E1551,HR,Yes,8.4
E1552,HR,Yes,8.1
E1553,Marketing,No,8.8
E1554,HR,Yes,8.7
E1555,IT,No,8.3
E1556,Marketing,Yes,9.9
E1557,Sales,Yes,7.9
E1558,Sales,Yes,8.3
E1559,Sales,No,7.2
E1560,Sales,No,8.2
E1561,Marketing,Yes,9.9
E1562,Sales,No,7.2
E1563,IT,No,6.6
E1564,Sales,Yes,9.2
E1565,Sales,Yes,7.8
E1566,HR,No,8.1
E1567,IT,No,7.9
E1568,Sales,Yes,8.1
E1569,Sales,Yes,9.0
E1570,IT,Yes,7.0
E1571,Sales,No,6.8
E1572,Marketing,Yes,8.1
E1573,Marketing,Yes,6.1
E1574,Sales,Yes,6.4
E1575,Marketing,No,10.2
E1576,IT,No,8.9
E1577,Marketing,No,8.0
E1578,Sales,No,9.5
E1579,Sales,No,6.8
E1580,Sales,Yes,7.6
E1581,Sales,No,8.7
E1582,IT,No,9.1
E1583,Sales,Yes,8.6
E1584,IT,Yes,5.0
E1585,IT,No,6.8
E1586,Sales,Yes,8.6
E1587,Marketing,No,7.6
E1588,HR,Yes,11.0
E1589,Marketing,No,9.1
E1590,Marketing,Yes,8.7
E1591,Sales,Yes,6.7
E1592,Marketing,No,8.0
E1593,IT,Yes,8.3
E1594,Marketing,Yes,9.4
E1595,HR,No,9.1
E1596,IT,No,9.2
E1597,Marketing,Yes,6.9
E1598,HR,No,13.2
E1599,IT,No,6.3
E1600,Marketing,No,7.4
E1601,Marketing,Yes,8.5
E1602,HR,No,7.8
E1603,HR,Yes,6.8
E1604,IT,Yes,7.0
E1605,HR,Yes,6.1
E1606,Marketing,Yes,8.6
E1607,Marketing,No,9.5
E1608,HR,No,7.9
E1609,HR,Yes,7.5
E1610,HR,No,6.2
E1611,Marketing,Yes,9.1
E1612,HR,No,10.7
E1613,HR,Yes,5.8
E1614,Sales,Yes,6.7
E1615,Sales,Yes,7.2
E1616,Marketing,No,7.3
E1617,HR,Yes,8.3
E1618,Marketing,No,9.9
E1619,Sales,No,9.2
E1620,HR,No,8.6
E1621,IT,No,7.1
E1622,Marketing,No,6.7
E1623,Marketing,Yes,7.0
E1624,HR,Yes,9.9
E1625,IT,Yes,7.9
E1626,IT,No,7.5
E1627,IT,Yes,7.8
E1628,HR,No,9.0
E1629,HR,Yes,6.4
E1630,HR,No,9.7
E1631,HR,No,8.2
E1632,Marketing,Yes,7.7
E1633,IT,Yes,8.5
E1634,IT,No,8.3
E1635,Sales,No,7.6
E1636,IT,No,7.7
E1637,Marketing,No,7.0
E1638,Marketing,No,8.8
E1639,Sales,Yes,7.4
E1640,HR,No,6.9
E1641,Marketing,Yes,8.2
E1642,Marketing,No,9.6
E1643,Sales,No,7.9
E1644,IT,No,7.3
E1645,IT,Yes,8.5
E1646,Marketing,No,10.3
E1647,HR,No,6.3
E1648,Sales,No,8.5
E1649,IT,Yes,8.2
E1650,Marketing,Yes,9.4
E1651,IT,No,9.2
E1652,Marketing,Yes,7.8
E1653,IT,No,6.0
E1654,IT,Yes,9.0
E1655,Marketing,No,7.0
E1656,IT,Yes,6.9
E1657,Marketing,No,9.4
E1658,Sales,Yes,6.9
E1659,IT,Yes,9.7
E1660,HR,No,8.4
E1661,Sales,No,8.4
E1662,HR,No,8.4
E1663,Marketing,No,6.0
E1664,HR,No,5.9
E1665,IT,Yes,8.3
E1666,HR,No,8.7
E1667,HR,Yes,8.1
E1668,IT,No,7.0
E1669,IT,No,8.0
E1670,Sales,No,7.9
E1671,IT,No,6.9
E1672,IT,No,9.2
E1673,Marketing,No,5.9
E1674,IT,Yes,8.7
E1675,IT,No,8.5
E1676,Sales,Yes,9.2
E1677,HR,Yes,6.8
E1678,HR,No,8.1
E1679,Sales,No,10.6
E1680,HR,Yes,8.8
E1681,IT,Yes,8.1
E1682,HR,No,8.6
E1683,HR,No,8.1
E1684,Sales,No,10.6
E1685,HR,No,9.2
E1686,HR,Yes,7.9
E1687,HR,Yes,8.3
E1688,IT,Yes,7.5
E1689,IT,Yes,9.5
E1690,IT,No,6.3
E1691,HR,No,6.1
E1692,HR,Yes,9.8
E1693,HR,No,10.6
E1694,HR,Yes,8.6
E1695,IT,No,8.1
E1696,IT,Yes,8.8
E1697,HR,No,7.2
E1698,Sales,Yes,8.2
E1699,Marketing,No,8.0
E1700,IT,No,8.8
E1701,IT,No,6.1
E1702,IT,Yes,7.4
E1703,IT,No,9.0
E1704,HR,Yes,7.2
E1705,Sales,Yes,6.8
E1706,IT,Yes,10.5
E1707,Marketing,Yes,8.0
E1708,HR,No,7.3
E1709,HR,No,6.0
E1710,Marketing,No,8.9
E1711,IT,No,8.8
E1712,IT,No,7.6
E1713,IT,No,6.7
E1714,Marketing,Yes,8.0
E1715,Sales,Yes,7.0
E1716,Sales,Yes,6.9
E1717,Sales,Yes,7.9
E1718,Marketing,Yes,6.7
E1719,Marketing,No,8.3
E1720,Sales,No,8.7
E1721,IT,Yes,7.0
E1722,IT,No,6.4
E1723,Sales,No,9.9
E1724,Sales,Yes,6.9
E1725,Marketing,No,7.2
E1726,Marketing,No,8.3
E1727,HR,No,8.7
E1728,Marketing,Yes,7.7
E1729,HR,Yes,8.6
E1730,Sales,No,7.5
E1731,Sales,Yes,6.8
E1732,IT,Yes,9.7
E1733,HR,Yes,11.0
E1734,Marketing,No,10.0
E1735,IT,Yes,8.2
E1736,IT,Yes,10.2
E1737,HR,No,8.4
E1738,IT,Yes,7.4
E1739,HR,No,8.6
E1740,HR,Yes,7.9
E1741,Marketing,No,6.8
E1742,Sales,Yes,6.9
E1743,Marketing,No,9.0
E1744,HR,No,5.8
E1745,HR,Yes,8.7
E1746,Marketing,Yes,6.0
E1747,Marketing,Yes,5.5
E1748,IT,Yes,5.8
E1749,IT,Yes,10.4
E1750,IT,Yes,7.8
E1751,Sales,Yes,8.1
E1752,Sales,No,9.7
E1753,Sales,Yes,9.1
E1754,Sales,Yes,6.3
E1755,Marketing,Yes,9.0
E1756,HR,Yes,8.2
E1757,IT,No,7.6
E1758,IT,No,8.0
E1759,HR,No,9.5
E1760,Marketing,No,6.9
E1761,HR,Yes,8.5
E1762,Marketing,Yes,8.0
E1763,HR,No,5.8
E1764,HR,No,7.0
E1765,IT,Yes,8.2
E1766,HR,No,9.6
E1767,IT,No,2.9
E1768,Sales,No,8.7
E1769,Sales,Yes,7.0
E1770,Marketing,Yes,10.2
E1771,IT,No,8.3
E1772,HR,No,6.8
E1773,IT,No,15.9
E1774,Sales,Yes,9.1
E1775,Sales,No,8.0
E1776,IT,No,9.1
E1777,Marketing,No,9.3
E1778,HR,No,8.5
E1779,Sales,Yes,7.0
E1780,IT,Yes,8.2
E1781,Marketing,Yes,8.1
E1782,IT,No,10.2
E1783,HR,No,6.0
E1784,HR,Yes,7.8
E1785,HR,Yes,7.3
E1786,IT,No,8.4
E1787,IT,No,5.1
E1788,HR,No,9.3
E1789,Marketing,Yes,8.0
E1790,Marketing,No,5.8
E1791,HR,No,7.6
E1792,IT,Yes,8.7
E1793,IT,Yes,6.1
E1794,Marketing,Yes,16.0
E1795,HR,No,6.7
E1796,IT,No,7.3
E1797,IT,Yes,8.0
E1798,Marketing,No,8.2
E1799,Sales,No,7.4
E1800,HR,Yes,8.3
E1801,Marketing,No,9.0
E1802,Sales,No,7.7
E1803,Sales,No,9.7
E1804,Marketing,Yes,9.8
E1805,Sales,Yes,7.5
E1806,HR,No,7.2
E1807,IT,Yes,6.0
E1808,Marketing,No,7.8
E1809,HR,Yes,7.6
E1810,Sales,No,8.9
E1811,Sales,No,6.2
E1812,Marketing,No,7.7
E1813,Marketing,Yes,9.2
E1814,IT,Yes,7.1
E1815,Sales,Yes,7.1
E1816,Marketing,Yes,6.3
E1817,Sales,No,11.1
E1818,Sales,No,7.1
E1819,Sales,No,6.4
E1820,Marketing,Yes,7.0
E1821,HR,Yes,7.1
E1822,IT,No,7.7
E1823,HR,Yes,9.0
E1824,Sales,Yes,7.6
E1825,Marketing,Yes,6.9
E1826,Sales,No,6.3
E1827,IT,Yes,8.0
E1828,Sales,No,8.1
E1829,IT,No,9.8
E1830,Marketing,Yes,8.1
E1831,Marketing,Yes,7.9
E1832,HR,No,6.7
E1833,Marketing,No,7.6
E1834,Sales,Yes,7.5
E1835,IT,No,7.6
E1836,Sales,Yes,6.8
E1837,IT,Yes,8.6
E1838,Marketing,No,7.8
E1839,HR,Yes,7.8
E1840,Sales,No,5.9
E1841,Marketing,No,8.6
E1842,HR,No,8.6
E1843,HR,No,7.0
E1844,Marketing,Yes,9.2
E1845,IT,No,6.4
E1846,IT,No,8.0
E1847,IT,No,7.7
E1848,Sales,Yes,6.4
E1849,Marketing,No,8.2
E1850,Sales,No,10.0
E1851,IT,No,8.1
E1852,IT,Yes,7.4
E1853,IT,No,8.5
E1854,Marketing,Yes,8.1
E1855,Marketing,Yes,8.0
E1856,HR,No,7.5
E1857,HR,Yes,9.7
E1858,HR,No,8.5
E1859,IT,No,7.4
E1860,HR,Yes,7.9
E1861,Marketing,No,7.1
E1862,Marketing,Yes,7.3
E1863,HR,Yes,7.2
E1864,Sales,Yes,6.6
E1865,Sales,Yes,8.9
E1866,HR,Yes,7.7
E1867,IT,No,8.7
E1868,IT,Yes,7.2
E1869,HR,No,7.9
E1870,Marketing,No,7.1
E1871,Sales,No,8.9
E1872,Sales,No,7.7
E1873,IT,No,7.1
E1874,HR,No,6.0
E1875,HR,No,8.3
E1876,Sales,Yes,7.1
E1877,Marketing,No,8.0
E1878,Sales,No,7.4
E1879,HR,Yes,9.1
E1880,HR,Yes,8.7
E1881,Sales,No,8.5
E1882,IT,No,7.3
E1883,Sales,Yes,8.6
E1884,IT,Yes,10.1
E1885,IT,Yes,7.0
E1886,Sales,No,8.2
E1887,IT,Yes,6.0
E1888,Marketing,Yes,9.7
E1889,HR,Yes,7.5
E1890,HR,Yes,8.9
E1891,IT,No,5.9
E1892,IT,Yes,10.2
E1893,Sales,Yes,7.6
E1894,HR,No,8.7
E1895,HR,No,8.2
E1896,Sales,No,7.7
E1897,IT,Yes,10.0
E1898,IT,Yes,6.0
E1899,IT,No,8.4
E1900,HR,No,9.1
E1901,Marketing,No,8.0
E1902,Sales,No,7.9
E1903,HR,No,7.8
E1904,Marketing,No,6.5
E1905,Sales,Yes,8.0
E1906,HR,No,8.6
E1907,Sales,Yes,8.1
E1908,Marketing,Yes,7.7
E1909,Marketing,Yes,7.4
E1910,Sales,No,7.7
E1911,Sales,Yes,9.5
E1912,HR,Yes,5.5
E1913,HR,No,8.0
E1914,Marketing,No,7.6
E1915,HR,Yes,9.7
E1916,Marketing,No,8.1
E1917,Sales,No,9.8
E1918,Marketing,Yes,5.5
E1919,IT,No,8.6
E1920,Sales,No,8.3
E1921,HR,Yes,9.7
E1922,Marketing,Yes,6.0
E1923,IT,Yes,7.8
E1924,Sales,No,8.1
E1925,HR,No,7.4
E1926,Sales,No,9.5
E1927,Marketing,Yes,7.6
E1928,IT,No,10.4
E1929,Marketing,Yes,9.3
E1930,Marketing,No,9.1
E1931,IT,Yes,8.7
E1932,Marketing,No,6.7
E1933,HR,Yes,7.5
E1934,Sales,No,8.7
E1935,HR,Yes,8.8
E1936,IT,Yes,9.6
E1937,HR,Yes,7.4
E1938,Marketing,No,7.0
E1939,Marketing,No,9.0
E1940,Marketing,No,7.0
E1941,HR,Yes,9.0
E1942,Sales,No,9.4
E1943,HR,No,8.5
E1944,Sales,Yes,7.6
E1945,IT,Yes,8.0
E1946,IT,Yes,8.7
E1947,Sales,No,8.0
E1948,IT,No,10.6
E1949,HR,Yes,6.8
E1950,HR,Yes,6.8
E1951,Sales,No,6.8
E1952,Sales,Yes,7.3
E1953,HR,No,5.4
E1954,HR,Yes,7.2
E1955,Marketing,Yes,7.2
E1956,IT,Yes,8.1
E1957,Marketing,Yes,8.5
E1958,Sales,No,6.5
E1959,IT,Yes,9.1
E1960,Marketing,Yes,10.2
E1961,HR,No,7.8
E1962,Sales,No,9.9
E1963,HR,Yes,8.2
E1964,Sales,Yes,10.4
E1965,HR,Yes,9.3
E1966,HR,No,6.1
E1967,HR,No,8.0
E1968,Marketing,No,9.3
E1969,HR,Yes,8.0
E1970,Marketing,No,8.0
E1971,Marketing,Yes,9.5
E1972,IT,No,7.1
E1973,HR,No,8.0
E1974,IT,Yes,8.4
E1975,Marketing,No,7.6
E1976,Marketing,Yes,8.0
E1977,Sales,No,8.9
E1978,IT,No,8.5
E1979,Marketing,Yes,7.0
E1980,IT,No,6.7
E1981,IT,No,7.1
E1982,IT,Yes,8.0
E1983,Sales,Yes,7.8
E1984,HR,No,7.0
E1985,Marketing,Yes,7.3
E1986,Marketing,No,6.2
E1987,HR,Yes,8.5
E1988,Marketing,No,8.0
E1989,Sales,No,6.5
E1990,Sales,No,8.0
E1991,HR,No,9.6
E1992,HR,Yes,7.1
E1993,HR,No,9.6
E1994,Sales,No,7.6
E1995,Marketing,Yes,8.2
E1996,IT,No,8.1
E1997,Sales,No,9.7
E1998,IT,No,8.2
E1999,Sales,Yes,6.6
E2000,Sales,Yes,6.4
E2001,HR,Yes,6.2
E2002,Sales,No,5.9
E2003,Marketing,Yes,8.1
E2004,Sales,No,6.8
E2005,Marketing,No,7.9
E2006,Sales,No,7.2
E2007,Sales,Yes,7.1
E2008,IT,Yes,7.4
E2009,Sales,Yes,8.8
E2010,Sales,No,9.1
E2011,IT,Yes,8.4
E2012,Sales,Yes,6.8
E2013,HR,Yes,8.8
E2014,Marketing,No,8.8
E2015,HR,Yes,8.3
E2016,Sales,No,7.3
E2017,Marketing,No,8.9
E2018,Sales,No,8.5
E2019,Marketing,No,4.3
E2020,Sales,Yes,8.8
E2021,IT,Yes,5.7
E2022,Sales,Yes,8.8
E2023,Marketing,Yes,7.8
E2024,Sales,Yes,9.4
E2025,Sales,Yes,7.9
E2026,Sales,No,6.9
E2027,HR,Yes,7.8
E2028,Marketing,Yes,9.3
E2029,Marketing,No,8.0
E2030,Sales,No,7.9
E2031,Sales,Yes,8.9
E2032,Sales,No,8.3
E2033,IT,Yes,8.0
E2034,IT,Yes,9.6
E2035,HR,No,9.9
E2036,Sales,No,8.7
E2037,Sales,No,7.7
E2038,HR,Yes,9.8
E2039,HR,Yes,9.4
E2040,Sales,Yes,8.9
E2041,Sales,No,6.5
E2042,IT,No,8.2
E2043,Marketing,Yes,7.1
E2044,Marketing,Yes,7.8
E2045,Marketing,No,8.3
E2046,HR,No,8.1
E2047,Sales,Yes,7.4
E2048,HR,No,9.5
E2049,HR,No,6.0
E2050,IT,Yes,8.9
E2051,Marketing,Yes,5.8
E2052,HR,No,8.5
E2053,IT,Yes,6.9
E2054,Sales,No,9.1
E2055,Sales,No,8.1
E2056,HR,Yes,8.3
E2057,Marketing,No,6.8
E2058,HR,No,7.2
E2059,Sales,No,8.2
E2060,Marketing,No,8.7
E2061,IT,No,11.5
E2062,Sales,No,8.3
E2063,Marketing,No,9.2
E2064,Marketing,No,6.1
E2065,HR,Yes,6.4
E2066,Sales,Yes,7.6
E2067,HR,No,6.6
E2068,HR,No,9.8
E2069,IT,Yes,7.5
E2070,IT,No,9.7
E2071,IT,No,9.8
E2072,HR,Yes,8.1
E2073,Sales,No,8.6
E2074,HR,No,7.9
E2075,Sales,No,8.6
E2076,IT,Yes,8.6
E2077,Sales,Yes,7.9
E2078,HR,Yes,8.6
E2079,IT,No,10.1
E2080,Marketing,Yes,8.9
E2081,HR,No,8.4
E2082,Marketing,Yes,8.1
E2083,IT,Yes,6.8
E2084,HR,No,6.8
E2085,Sales,Yes,8.4
E2086,IT,No,6.4
E2087,HR,No,7.1
E2088,Sales,No,9.5
E2089,Marketing,No,10.3
E2090,Marketing,Yes,6.0
E2091,Sales,Yes,10.0
E2092,IT,No,7.7
E2093,Sales,No,8.0
E2094,IT,Yes,7.9
E2095,IT,No,9.3
E2096,Marketing,No,6.1
E2097,HR,No,8.5
E2098,IT,No,6.9
E2099,Marketing,Yes,8.7
E2100,Marketing,Yes,9.9
E2101,Sales,No,8.0
E2102,HR,Yes,8.4
E2103,HR,No,8.5
E2104,HR,Yes,15.0
E2105,HR,Yes,9.8
E2106,HR,No,10.0
E2107,Marketing,Yes,8.8
E2108,HR,Yes,8.1
E2109,Marketing,Yes,7.4
E2110,HR,Yes,7.2
E2111,HR,No,10.1
E2112,Marketing,Yes,9.7
E2113,HR,No,7.9
E2114,IT,Yes,6.1
E2115,Sales,No,4.6
E2116,IT,Yes,6.7
E2117,Marketing,No,7.8
E2118,HR,Yes,9.7
E2119,IT,Yes,7.2
E2120,HR,Yes,8.6
E2121,Marketing,No,9.6
E2122,Sales,No,8.2
E2123,Marketing,No,7.8
E2124,HR,No,6.4
E2125,Marketing,No,6.6
E2126,Marketing,No,8.5
E2127,HR,Yes,7.8
E2128,IT,Yes,8.1
E2129,Marketing,No,7.9
E2130,Marketing,Yes,8.8
E2131,HR,Yes,7.1
E2132,Marketing,No,7.6
E2133,Marketing,No,10.3
E2134,Marketing,No,7.0
E2135,Marketing,Yes,7.7
E2136,IT,Yes,7.3
E2137,HR,No,8.5
E2138,Sales,Yes,9.2
E2139,Sales,No,7.4
E2140,Sales,No,7.5
E2141,Sales,No,7.7
E2142,IT,No,8.6
E2143,Marketing,Yes,7.1
E2144,Marketing,No,7.5
E2145,IT,No,5.2
E2146,HR,Yes,6.3
E2147,Sales,Yes,7.9
E2148,IT,Yes,9.1
E2149,IT,Yes,8.4
E2150,HR,Yes,6.7
E2151,HR,Yes,6.3
E2152,Sales,No,8.2
E2153,IT,Yes,6.0
E2154,Marketing,Yes,9.3
E2155,IT,Yes,8.1
E2156,Sales,Yes,6.1
E2157,Sales,No,6.8
E2158,Sales,Yes,7.1
E2159,HR,Yes,7.1
E2160,IT,Yes,6.2
E2161,HR,No,7.0
E2162,Sales,Yes,7.2
E2163,Marketing,No,7.1
E2164,Sales,No,9.4
E2165,Marketing,Yes,8.1
E2166,IT,Yes,6.8
E2167,Sales,No,7.6
E2168,Sales,Yes,6.9
E2169,Marketing,Yes,7.6
E2170,IT,Yes,9.1
E2171,Marketing,Yes,8.3
E2172,IT,Yes,10.7
E2173,Marketing,No,8.5
E2174,Marketing,No,6.9
E2175,HR,No,9.0
E2176,Sales,Yes,9.3
E2177,Marketing,Yes,9.3
E2178,IT,No,6.7
E2179,Marketing,Yes,7.8
E2180,IT,Yes,9.4
E2181,Marketing,No,6.0
E2182,HR,Yes,7.4
E2183,HR,No,6.3
E2184,HR,Yes,6.9
E2185,Sales,No,6.8
E2186,Marketing,Yes,9.5
E2187,IT,Yes,7.7
E2188,HR,Yes,7.0
E2189,IT,Yes,6.8
E2190,Sales,No,8.2
E2191,IT,Yes,8.0
E2192,HR,Yes,9.6
E2193,HR,Yes,8.6
E2194,Sales,Yes,6.3
E2195,Marketing,No,7.2
E2196,IT,Yes,9.3
E2197,Sales,No,7.3
E2198,Marketing,No,10.1
E2199,Marketing,Yes,6.7
E2200,Sales,No,8.7
E2201,Sales,No,7.0
E2202,Marketing,Yes,7.4
E2203,Marketing,Yes,9.3
E2204,Sales,No,7.8
E2205,Sales,No,9.0
E2206,Marketing,No,8.6
E2207,HR,Yes,8.9
E2208,Marketing,Yes,6.9
E2209,IT,Yes,7.7
E2210,IT,No,8.5
E2211,Sales,No,7.0
E2212,HR,Yes,10.0
E2213,Sales,No,7.1
E2214,HR,No,7.6
E2215,Marketing,No,6.8
E2216,HR,No,5.4
E2217,Marketing,No,10.2
E2218,Sales,No,7.8
E2219,Sales,No,7.5
E2220,Sales,Yes,7.8
E2221,Sales,Yes,9.7
E2222,Marketing,Yes,6.8
E2223,HR,No,8.8
E2224,IT,No,7.5
E2225,IT,Yes,7.3
E2226,Sales,No,8.7
E2227,Sales,No,9.2
E2228,IT,Yes,7.4
E2229,Marketing,Yes,7.1
E2230,Marketing,No,6.6
E2231,HR,Yes,9.3
E2232,HR,No,7.3
E2233,Sales,Yes,5.8
E2234,Sales,Yes,9.7
E2235,IT,Yes,6.4
E2236,HR,No,8.9
E2237,Sales,Yes,8.2
E2238,IT,No,8.3
E2239,Marketing,Yes,7.3
E2240,HR,No,8.4
E2241,Sales,No,6.0
E2242,HR,Yes,8.7
E2243,HR,No,9.9
E2244,IT,Yes,9.1
E2245,Sales,No,5.6
E2246,HR,Yes,6.8
E2247,HR,Yes,7.8
E2248,Sales,No,8.6
E2249,HR,Yes,7.9
E2250,IT,No,7.4
E2251,HR,No,8.7
E2252,Sales,Yes,9.4
E2253,IT,No,7.7
E2254,HR,No,8.9
E2255,Sales,No,4.9
E2256,Sales,Yes,6.9
E2257,Sales,No,7.6
E2258,HR,No,7.4
E2259,IT,No,8.4
E2260,HR,Yes,9.2
E2261,Sales,Yes,8.6
E2262,Marketing,No,7.3
E2263,IT,Yes,6.2
E2264,Marketing,Yes,8.7
E2265,Marketing,Yes,5.8
E2266,IT,No,8.8
E2267,IT,Yes,7.8
E2268,HR,No,6.6
E2269,Marketing,Yes,8.3
E2270,HR,Yes,8.0
E2271,HR,Yes,8.0
E2272,HR,Yes,7.9
E2273,IT,No,8.5
E2274,Marketing,Yes,9.1
E2275,Sales,Yes,8.6
E2276,IT,No,9.2
E2277,IT,Yes,7.9
E2278,Marketing,No,9.9
E2279,Marketing,No,8.7
E2280,Marketing,Yes,7.3
E2281,Marketing,Yes,6.7
E2282,Marketing,No,8.2
E2283,Sales,Yes,6.4
E2284,HR,No,6.8
E2285,HR,No,8.3
E2286,IT,Yes,7.3
E2287,HR,Yes,6.9
E2288,HR,Yes,8.0
E2289,HR,Yes,8.1
E2290,Sales,No,7.8
E2291,Sales,Yes,7.5
E2292,HR,No,9.0
E2293,Marketing,Yes,8.4
E2294,HR,Yes,7.7
E2295,Marketing,No,11.0
E2296,IT,No,8.2
E2297,Marketing,Yes,9.4
E2298,Sales,No,7.3
E2299,IT,Yes,6.4
E2300,Sales,No,7.0
E2301,Sales,Yes,7.7
E2302,Sales,Yes,7.4
E2303,HR,No,9.6
E2304,Sales,Yes,7.9
E2305,Sales,No,8.6
E2306,Sales,No,7.9
E2307,HR,Yes,7.5
E2308,HR,No,8.0
E2309,Sales,No,10.1
E2310,Sales,No,7.1
E2311,IT,Yes,8.9
E2312,Sales,No,6.8
E2313,Marketing,Yes,7.4
E2314,HR,No,8.0
E2315,IT,No,8.4
E2316,Marketing,Yes,9.8
E2317,Sales,No,7.9
E2318,IT,Yes,7.0
E2319,IT,No,8.8
E2320,HR,Yes,7.6
E2321,Marketing,Yes,8.3
E2322,IT,No,7.9
E2323,HR,Yes,5.7
E2324,Marketing,Yes,8.6
E2325,HR,No,8.7
E2326,HR,Yes,9.1
E2327,IT,Yes,10.2
E2328,HR,Yes,6.6
E2329,IT,Yes,8.6
E2330,Sales,No,8.5
E2331,Sales,Yes,7.5
E2332,Sales,Yes,8.5
E2333,Sales,No,8.6
E2334,Marketing,No,6.5
E2335,IT,Yes,8.3
E2336,IT,No,6.9
E2337,Sales,Yes,7.2
E2338,HR,Yes,5.9
E2339,IT,Yes,7.4
E2340,Sales,Yes,7.8
E2341,HR,No,8.7
E2342,Sales,Yes,8.0
E2343,IT,No,6.1
E2344,Sales,No,9.0
E2345,HR,No,7.9
E2346,Marketing,Yes,8.6
E2347,Sales,Yes,9.2
E2348,Sales,No,9.7
E2349,Marketing,No,10.4
E2350,HR,No,7.9
E2351,Sales,Yes,8.4
E2352,Sales,No,6.7
E2353,HR,Yes,9.3
E2354,Sales,Yes,6.6
E2355,HR,Yes,5.8
E2356,Marketing,Yes,9.0
E2357,HR,No,7.4
E2358,Sales,Yes,8.9
E2359,HR,No,8.5
E2360,Sales,Yes,6.0
E2361,IT,No,4.7
E2362,Marketing,Yes,6.7
E2363,Marketing,No,8.0
E2364,HR,No,6.5
E2365,Marketing,No,7.2
E2366,Sales,No,6.2
E2367,Marketing,Yes,8.2
E2368,Marketing,No,8.1
E2369,Sales,Yes,7.4
E2370,IT,Yes,9.7
E2371,HR,No,9.8
E2372,Marketing,No,8.7
E2373,Marketing,No,3.3
E2374,Marketing,Yes,6.7
E2375,Marketing,No,8.5
E2376,Sales,No,7.2
E2377,Marketing,No,7.4
E2378,Sales,Yes,9.1
E2379,HR,No,8.6
E2380,Sales,Yes,9.6
E2381,HR,Yes,7.5
E2382,IT,No,9.7
E2383,Marketing,No,7.3
E2384,Marketing,Yes,9.8
E2385,Marketing,No,8.1
E2386,IT,No,7.0
E2387,Marketing,Yes,6.0
E2388,HR,Yes,7.6
E2389,Sales,No,7.7
E2390,Marketing,Yes,9.0
E2391,IT,No,7.9
E2392,Marketing,Yes,7.5
E2393,IT,Yes,9.3
E2394,Marketing,No,7.7
E2395,IT,No,7.3
E2396,Marketing,Yes,15.0
E2397,Marketing,No,7.4
E2398,HR,No,8.8
E2399,IT,Yes,7.3
E2400,HR,Yes,7.7
E2401,Marketing,Yes,8.2
E2402,IT,No,7.6
E2403,HR,Yes,8.0
E2404,Marketing,No,9.0
E2405,HR,No,8.5
E2406,Sales,No,8.6
E2407,IT,Yes,7.2
E2408,IT,Yes,9.0
E2409,Marketing,No,8.8
E2410,HR,Yes,9.2
E2411,HR,Yes,7.1
E2412,HR,Yes,7.8
E2413,Sales,Yes,8.8
E2414,IT,Yes,7.3
E2415,Sales,Yes,7.7
E2416,HR,Yes,10.3
E2417,IT,No,10.3
E2418,Marketing,Yes,9.5
E2419,Sales,Yes,9.1
E2420,HR,Yes,6.8
E2421,Sales,Yes,8.6
E2422,HR,Yes,7.6
E2423,HR,No,6.7
E2424,HR,Yes,7.4
E2425,IT,No,8.1
E2426,Sales,Yes,7.3
E2427,HR,No,7.3
E2428,HR,No,9.0
E2429,Marketing,Yes,8.2
E2430,Sales,Yes,8.3
E2431,Sales,Yes,8.1
E2432,Marketing,No,7.2
E2433,HR,Yes,6.4
E2434,Sales,Yes,8.4
E2435,Sales,No,7.4
E2436,Marketing,No,5.6
E2437,Marketing,No,7.5
E2438,Sales,Yes,6.7
E2439,Marketing,No,8.8
E2440,Sales,Yes,8.6
E2441,HR,No,8.6
E2442,HR,No,7.2
E2443,IT,No,8.9
E2444,IT,Yes,8.4
E2445,HR,No,7.5
E2446,Sales,Yes,7.5
E2447,Sales,No,9.1
E2448,Sales,No,7.4
E2449,Marketing,No,8.4
E2450,Sales,No,9.2
E2451,HR,No,10.3
E2452,Marketing,No,10.0
E2453,HR,No,9.1
E2454,Marketing,No,6.2
E2455,Sales,No,7.2
E2456,IT,No,7.3
E2457,HR,Yes,10.0
E2458,Sales,Yes,7.2
E2459,IT,No,8.5
E2460,Marketing,Yes,8.1
E2461,IT,Yes,6.9
E2462,Sales,No,8.5
E2463,IT,No,8.5
E2464,IT,No,6.5
E2465,Sales,Yes,9.5
E2466,IT,No,5.5
E2467,Sales,Yes,7.3
E2468,HR,No,9.2
E2469,Sales,Yes,6.6
E2470,IT,No,8.4
E2471,IT,Yes,6.4
E2472,IT,Yes,7.9
E2473,IT,No,5.2
E2474,IT,No,7.0
E2475,HR,No,6.1
E2476,Sales,No,7.5
E2477,HR,Yes,7.5
E2478,IT,Yes,7.2
E2479,Sales,No,9.0
E2480,HR,Yes,6.9
E2481,IT,No,8.8
E2482,IT,No,10.0
E2483,IT,No,8.2
E2484,IT,Yes,7.0
E2485,Marketing,Yes,6.5
E2486,Marketing,No,7.1
E2487,IT,No,8.8
E2488,Marketing,Yes,8.2
E2489,Marketing,Yes,9.1
E2490,Sales,No,8.9
E2491,Marketing,No,8.2
E2492,Sales,Yes,8.6
E2493,IT,Yes,10.2
E2494,HR,Yes,9.7
E2495,IT,No,7.6
E2496,IT,Yes,9.2
E2497,Marketing,No,8.7
E2498,IT,Yes,9.4
E2499,Sales,No,8.8
E2500,Marketing,Yes,6.8
E2501,Marketing,No,6.1
E2502,Sales,Yes,8.7
E2503,Marketing,Yes,10.3
E2504,HR,No,7.1
E2505,Marketing,Yes,7.8
E2506,Sales,Yes,6.8
E2507,IT,No,9.4
E2508,HR,No,5.2
E2509,Marketing,Yes,5.3
E2510,Sales,No,8.5
E2511,Marketing,Yes,7.9
E2512,Sales,No,7.4
E2513,Marketing,Yes,7.6
E2514,IT,No,8.6
E2515,HR,No,7.5
E2516,Sales,Yes,6.7
E2517,IT,Yes,6.9
E2518,Sales,No,9.1
E2519,Marketing,No,7.4
E2520,Marketing,No,6.3
E2521,HR,Yes,8.1
E2522,Marketing,Yes,8.6
E2523,Marketing,Yes,9.6
E2524,Sales,Yes,8.3
E2525,Sales,No,7.2
E2526,Marketing,Yes,8.6
E2527,IT,Yes,8.9
E2528,Marketing,No,8.0
E2529,HR,Yes,7.9
E2530,IT,No,8.3
E2531,Sales,Yes,7.9
E2532,Sales,No,8.3
E2533,Marketing,No,6.8
E2534,Marketing,No,6.6
E2535,HR,No,7.0
E2536,Marketing,Yes,8.8
E2537,HR,No,8.3
E2538,Sales,No,9.2
E2539,Marketing,Yes,7.8
E2540,HR,No,6.6
E2541,Marketing,No,9.4
E2542,IT,Yes,8.0
E2543,Sales,Yes,9.5
E2544,Marketing,No,8.7
E2545,IT,No,10.6
E2546,IT,Yes,7.7
E2547,HR,No,9.1
E2548,Marketing,No,9.1
E2549,HR,No,7.3
E2550,Sales,Yes,7.8
E2551,IT,Yes,6.2
E2552,Sales,No,6.1
E2553,IT,No,8.2
E2554,IT,No,9.0
E2555,Sales,No,8.8
E2556,HR,Yes,8.4
E2557,HR,No,9.0
E2558,IT,No,7.3
E2559,HR,Yes,7.7
E2560,Marketing,No,8.9
E2561,HR,No,8.5
E2562,Marketing,No,7.7
E2563,IT,No,9.6
E2564,HR,Yes,6.4
E2565,Marketing,Yes,7.4
E2566,HR,Yes,7.7
E2567,Sales,Yes,9.0
E2568,Sales,No,8.0
E2569,HR,No,6.5
E2570,HR,No,8.6
E2571,HR,No,9.3
E2572,Marketing,Yes,8.9
E2573,Marketing,No,8.7
E2574,Marketing,No,5.8
E2575,Sales,Yes,6.9
E2576,HR,No,8.6
E2577,IT,Yes,7.9
E2578,Marketing,Yes,8.6
E2579,HR,No,6.5
E2580,Marketing,No,7.9
E2581,HR,Yes,6.3
E2582,Sales,No,5.7
E2583,HR,Yes,8.4
E2584,IT,Yes,9.0
E2585,Sales,No,8.3
E2586,Marketing,Yes,8.0
E2587,Sales,No,6.1
E2588,IT,No,9.2
E2589,Sales,Yes,7.9
E2590,Sales,Yes,10.4
E2591,HR,Yes,9.1
E2592,IT,No,5.6
E2593,HR,Yes,8.9
E2594,Marketing,Yes,6.3
E2595,Sales,Yes,7.1
E2596,Sales,Yes,7.7
E2597,IT,No,7.9
E2598,Marketing,No,8.5
E2599,IT,No,6.8
E2600,HR,Yes,6.6
E2601,HR,Yes,8.7
E2602,Marketing,No,8.0
E2603,Marketing,No,8.2
E2604,Sales,No,5.4
E2605,HR,No,7.8
E2606,Marketing,Yes,6.9
E2607,Marketing,No,6.9
E2608,Sales,Yes,9.1
E2609,Sales,Yes,6.7
E2610,Marketing,No,6.7
E2611,HR,Yes,7.6
E2612,Marketing,Yes,8.5
E2613,HR,Yes,6.9
E2614,Marketing,No,9.5
E2615,HR,No,9.7
E2616,IT,Yes,6.9
E2617,Sales,Yes,7.7
E2618,Marketing,Yes,7.1
E2619,Marketing,No,6.0
E2620,Sales,No,8.4
E2621,HR,No,8.9
E2622,Marketing,Yes,10.4
E2623,Marketing,Yes,6.9
E2624,Marketing,No,9.6
E2625,HR,Yes,9.6
E2626,Marketing,Yes,8.2
E2627,IT,No,8.7
E2628,Marketing,Yes,9.0
E2629,Marketing,No,10.4
E2630,Sales,No,8.6
E2631,HR,Yes,7.9
E2632,IT,Yes,7.0
E2633,Sales,No,8.4
E2634,HR,No,9.2
E2635,HR,Yes,8.3
E2636,Marketing,Yes,7.1
E2637,Sales,Yes,8.1
E2638,HR,Yes,7.8
E2639,IT,Yes,8.3
E2640,Marketing,No,6.0
E2641,Marketing,No,8.7
E2642,Marketing,Yes,8.7
E2643,Marketing,Yes,8.5
E2644,IT,No,8.0
E2645,Marketing,Yes,5.8
E2646,HR,Yes,8.0
E2647,Sales,Yes,9.3
E2648,HR,Yes,7.0
E2649,Marketing,No,5.6
E2650,Sales,Yes,6.2
E2651,Marketing,No,8.4
E2652,Marketing,No,8.4
E2653,IT,Yes,9.1
E2654,IT,Yes,7.9
E2655,HR,Yes,6.2
E2656,IT,No,7.0
E2657,Sales,No,9.0
E2658,Sales,No,8.2
E2659,Sales,Yes,8.8
E2660,Marketing,No,8.5
E2661,Marketing,Yes,7.8
E2662,Marketing,No,7.8
E2663,Marketing,No,10.2
E2664,IT,No,8.5
E2665,Marketing,Yes,7.8
E2666,Sales,No,8.5
E2667,HR,Yes,8.3
E2668,HR,Yes,5.4
E2669,HR,No,8.8
E2670,Sales,Yes,10.2
E2671,HR,Yes,7.1
E2672,Marketing,No,9.7
E2673,IT,Yes,7.7
E2674,HR,No,8.4
E2675,IT,Yes,9.3
E2676,HR,Yes,7.1
E2677,IT,Yes,9.5
E2678,IT,No,6.5
E2679,Marketing,No,6.9
E2680,IT,No,7.3
E2681,IT,No,8.8
E2682,HR,No,7.6
E2683,Marketing,No,6.2
E2684,Sales,No,7.7
E2685,Marketing,Yes,7.1
E2686,Sales,Yes,8.9
E2687,HR,No,7.6
E2688,HR,Yes,8.1
E2689,Marketing,Yes,7.5
E2690,IT,Yes,8.5
E2691,HR,Yes,7.8
E2692,IT,Yes,8.4
E2693,IT,No,4.9
E2694,Sales,No,8.1
E2695,Sales,Yes,8.5
E2696,Marketing,No,7.8
E2697,HR,Yes,8.8
E2698,Sales,Yes,8.9
E2699,Marketing,No,9.6
E2700,Marketing,Yes,8.1
E2701,HR,No,5.7
E2702,HR,No,5.3
E2703,Sales,Yes,6.1
E2704,HR,No,8.0
E2705,HR,Yes,7.8
E2706,Marketing,No,8.3
E2707,IT,No,7.2
E2708,Sales,No,7.1
E2709,IT,No,8.7
E2710,Marketing,Yes,8.8
E2711,Sales,Yes,7.7
E2712,IT,Yes,8.0
E2713,HR,No,8.5
E2714,HR,No,8.6
E2715,Marketing,No,6.6
E2716,HR,Yes,7.1
E2717,Sales,Yes,6.5
E2718,Sales,No,7.4
E2719,HR,No,9.0
E2720,IT,Yes,8.7
E2721,IT,No,6.7
E2722,Marketing,No,8.6
E2723,Marketing,Yes,8.1
E2724,Sales,Yes,7.4
E2725,Sales,Yes,6.3
E2726,HR,Yes,7.8
E2727,Marketing,Yes,8.8
E2728,HR,No,5.4
E2729,IT,Yes,7.5
E2730,IT,No,10.7
E2731,Sales,Yes,8.8
E2732,HR,No,8.3
E2733,HR,Yes,7.1
E2734,Sales,No,7.2
E2735,IT,Yes,7.9
E2736,Marketing,No,9.9
E2737,Sales,Yes,8.6
E2738,Sales,Yes,7.0
E2739,Sales,No,9.4
E2740,Sales,Yes,7.6
E2741,Sales,No,10.0
E2742,Sales,Yes,7.3
E2743,IT,Yes,6.8
E2744,IT,No,8.2
E2745,HR,Yes,9.2
E2746,Marketing,Yes,9.2
E2747,IT,Yes,8.2
E2748,HR,Yes,6.8
E2749,IT,Yes,7.4
E2750,HR,No,5.6
E2751,Marketing,Yes,6.9
E2752,HR,Yes,7.8
E2753,Sales,Yes,8.5
E2754,IT,Yes,7.6
E2755,IT,No,7.9
E2756,HR,Yes,7.5
E2757,Marketing,Yes,8.9
E2758,Marketing,Yes,6.9
E2759,IT,Yes,9.0
E2760,Sales,Yes,2.8
E2761,Sales,Yes,8.6
E2762,Marketing,Yes,7.4
E2763,HR,No,7.4
E2764,HR,No,9.5
E2765,Marketing,Yes,6.6
E2766,Sales,Yes,6.9
E2767,HR,No,6.6
E2768,HR,No,6.5
E2769,IT,No,6.7
E2770,IT,Yes,8.9
E2771,Marketing,No,9.3
E2772,HR,No,7.2
E2773,HR,No,8.2
E2774,IT,Yes,8.9
E2775,Sales,Yes,8.1
E2776,HR,Yes,6.9
E2777,IT,No,6.2
E2778,HR,No,9.2
E2779,Marketing,No,8.6
E2780,Marketing,No,8.7
E2781,Marketing,Yes,15.2
E2782,IT,Yes,8.3
E2783,Sales,No,8.8
E2784,IT,Yes,8.4
E2785,HR,Yes,1.7
E2786,IT,Yes,9.2
E2787,Marketing,No,6.2
E2788,HR,No,9.1
E2789,HR,No,9.3
E2790,IT,Yes,9.9
E2791,IT,No,7.6
E2792,HR,Yes,6.8
E2793,HR,Yes,9.0
E2794,HR,Yes,7.2
E2795,Marketing,Yes,8.1
E2796,Marketing,No,7.6
E2797,HR,No,6.9
E2798,Sales,Yes,8.4
E2799,IT,Yes,6.3
E2800,Sales,Yes,8.7
